pmids,variant_id,qid,notes,inchikey,chebi,drugname
22277784|18375819|25855885,510|173|171|311|93,Q4552288,,AYUNIORJHRXIBJ-HTLBVUBBSA-N,64153,17-aag
22912387,5|503|500,Q4552287,,KUFRQPKVAWMTJO-LMZWQJSESA-N,65324,17-dmag
18593892,503,Q209196,,YAAWASYJIRZXSZ-UHFFFAOYSA-N,,"2,4-pyrimidinediamine"
20179196,267,Q27073761,,,,4-hydroxytamoxifen
21415852,480,Q27282447,,IDYKCXHJJGMAEV-RRKCRQDMSA-N,,5-fluoro-2-deoxycytidine
26751376,867,Q42859845,,KSPDSMOWMQFPBL-UHFFFAOYSA-N,,5-fluoropyrimidine
25924824|23456958|12237773|24708484|27626067|26693073|19274060|25973082|26943774|18704422|25788273|24512910|21048039|20628391|18371219|24239278|11792751,265|646|39|547|372|158|190|334|258|340|311|386|877|356|355|491|490,Q238512,,GHASVSINZRGABV-UHFFFAOYSA-N,46345,5-fluorouracil
23988873|25739674,869|737|738|740,Q238512,,GHASVSINZRGABV-UHFFFAOYSA-N,46345,5-fu
23377281,238|240|239,Q418529,,GLVAUDGFNGKCSF-UHFFFAOYSA-N,50667,6-mercaptopurine
23377281,238|240|239,Q385347,,WYWHKKSPHMUBEB-UHFFFAOYSA-N,9555,6-thioguanine
25216528,361,,,,,9f7-f11
22802530,306,,,,,a66
27217383|27748766,336|1685,Q27074101,,,,abemaciclib
25184630,362,Q321431,,GZOSMCIZMLWJML-VJLLXTKPSA-N,68642,abiraterone
27150425|29897400,362|536,Q27888393,,UVIQSJCZCSLXRZ-UBUQANBQSA-N,68639,abiraterone acetate
23506848,385,,,,,acly sirna
27735949,2230,,,,,adi-peg20
26899019,221|369,Q2481887,,,,adjuvant chemotherapy
26920887|28526536,107|1235|104|875|931|1234,Q3997863,,,,ado-trastuzumab emtansine
27959684|26193344,1273|1274|821|79,,,,,adoptive t-cell transfer
24141786,506|505,Q26331952,,OAVGBZOFDPFGPJ-UHFFFAOYSA-N,90531,aeb071
19147750|18227510,33|34|1013|1182|1016|1020,Q4651286,,OONFNUWBHFSNBT-HXUWFJFHSA-N,,aee788
29802158|25537159|25948633|25589191|28950338|26559459|25892145|22452896|26051236|26596672|26689995|26423602|24035188|22418700|26668065|27304188|27083334|23816960|26515464|18408761|25862853|24685132|22325357|25370464|21732342|26822398|25268372|22452895|23982599|27044931|24353160|29610121|24439929|19122144,1009|817|2215|133|34|306|1012|1006|1214|781|1002|726|312|272|289|2178|703|442|702|1008|1005|816|1007|1003|33|1515|1010|414|701|1569|1011|413|2216|336|1579|890|2179|104|2286,Q4688818,,ULXXDDBFHOBEHA-CWDCEQMOSA-N,61390,afatinib
27466707|25583779,880|59|928|420,,,,,ag-120
12357354|17330097,1302|55,Q27074335,,QNOXYUNHIGOWNY-UHFFFAOYSA-N,93335,ag1296
23558169,59|420,Q27074345,,FNYGWXSATBUBER-UHFFFAOYSA-N,,agi-5198
24335962,1301,,,,,akt3 inhibitor
18725974,306,,,,,akti-1/2
27544060|28586279,499|1687,Q21099132,,KDGFLJKFZUIJMX-UHFFFAOYSA-N,90936,alectinib
21575866|25153538|23639470|25736571|22277784|26708155|25727400|25228534|25393796,173|528|8|499|527|552|588|171|7|589,Q21099132,,KDGFLJKFZUIJMX-UHFFFAOYSA-N,90936,alectinib (ch5424802)
14726385,222,Q420164,,,,alemtuzumab
22302096,180,Q15633917,,ZLHFILGSQDJULK-UHFFFAOYSA-N,125628,alisertib
21719597|26634247|19059939|19965647|23670176|24981688|8674046|21505136|21613260|11704842,108|462|29|463|461|86|55|473,Q29417,,SHGAZHPCJJPHSC-YCNIQYBTSA-N,15367,all-trans retinoic acid
28363909,17,,,,,alpelisib
27451907|25002028,693|632,Q27074391,,STUWGJZDJHPWGZ-LBPRGKRZSA-N,93752,alpelisib (nvp-byl719)
25730903,221|1092|118|1698|122|121|1695|1696|1066|116|1697|922|879|1699|117|369,,,,,amgmds3
25900183,339,Q241150,,ROBVIMPUHSLWNV-UHFFFAOYSA-N,2654,aminoglutethimide
21964527,402|401,Q4748723,,VJZITPJGSQKZMX-XDPRQOKASA-N,,amrubicin
24950457,208,Q27074458,,FOFDIMHVKGYHRU-UHFFFAOYSA-N,91389,amuvatinib
29755131,2424,,,,,anastrozole
24981688,55,Q417589,,,22573,anthracycline
24927407,86,,,,,anti-cd123
24927407,86,,,,,anti-cd33
23435830|23729478,311|270,,,,,anti-egfr monoclonal antibody
20227043,314,,,,,anti-erbb3 agents
26956051,493|492,,Should be Angiogenesis Inhibitors (D020533) ?,,,antiangiogenic therapy
26787751,103|104,Q27074481,,YOVVNQKCSKSHKT-HNNXBMFYSA-N,,apitolisib
25273096,2234,,,,,ar-42
23377281,238|240|239,,,,,arabinosylguanine
23779130,175,Q21098975,,HJBWBFZLDZWPHF-UHFFFAOYSA-N,,arn-509
24185512,692,Q3040305,,,50790,aromatase inhibitor
19029981,79,Q7448840,,CYOHGALHFOKKQC-UHFFFAOYSA-N,90227,arry-142886
24162815,419,,,,,arry-470
29373830,78,,,,,ars-1620
26739882,78,,,,,ars-853
25759020|11704842|23291299,300|108|298,Q26841209,,OWTFKEBRIAXSMO-UHFFFAOYSA-N,29866,arsenic trioxide
17330097,1302,,,,,as602868
17522398|23094721,619|1151|103|311|107|104|883,Q18216,,BSYNRYMUTXBXSQ-UHFFFAOYSA-N,15365,aspirin
28525386|26014096|28351930|26970723|25428504|26822383|26918451|28472902,1290|276|423|336|189|2164|1289|2163,Q20707748,,,,atezolizumab
26698910,6,Q27278569,,WLYWTGDTMWWNNG-UHFFFAOYSA-N,,auy922
25542901,361|314,,,,,av-203
28472902|26918451,276,Q21083261,,,,avelumab
21470995|25686603|26912052|26239229|26582647,1022|1026|1173|1231|1027|1029|1030|1525|892|1669|1507|1024|112|241|1523|1025|2|1524|113|3|1152|1023|1230,Q4830631,,RITAVMQDGBJQJZ-FMIVXFBMSA-N,66910,axitinib
22869148,2402,,,,,az12908010
25593184,648,Q27074665,,SCGCBAAYLFTIJU-CQSZACIVSA-N,124915,az20
23288408,587,,,,,az628
24962318,483,,,,,az909
21415852,480,Q416451,,NMUSYJAQQFHJEW-KVTDHHQDSA-N,2038,azacitidine
28489509,4,Q27074756,,JDUBGYFRJFOXQC-KRWDZBQOSA-N,,azd-5363
23056499,113,Q27074711,,PDOQBOJDRPLBQU-QMMMGPOBSA-N,,azd1480
27863413|28028034,573,Q27089147,,JUSFANSTBFGBAF-IRXDYDNUSA-N,,azd2014
26372962|26786851,8|465,Q27074737,,GCYIGMXOIWJGBU-UHFFFAOYSA-N,,azd3463
27535980|22869148|27179038,267|2402|268|629,Q27074746,,VRQMAABPASPXMW-HDICACEKSA-N,63453,azd4547
26351323|26490311|24088382|22294718,283|311|107|4|284|214,Q27074756,,JDUBGYFRJFOXQC-KRWDZBQOSA-N,,azd5363
26881434,336,Q27074758,,WJRRGYBTGDJBFX-UHFFFAOYSA-N,91419,azd5438
24934408,2168,Q27074790,,IAYGCINLNONXHY-LBPRGKRZSA-N,131156,azd7762
26544513|27863413|27279227,610|609|275|573,Q27074792,,KVLFRAWTRWDEDF-IRXDYDNUSA-N,91329,azd8055
25544636|26725216|25398829,510|336|214,Q27074798,,LMJFJIDLEAWOQJ-CQSZACIVSA-N,,azd8186
21045145,420,,,,,bay 1436032
23434733,336|17|507,,,,,bay 86-9766
26313268,732|729,Q4882925,,NCNRHFGMJRPRSK-MDZDMXLPSA-N,61076,belinostat
25973082|22180495|24039832|22199315|23828442|23579861|24422672|19571295|19603024|26921265|27177629|24327581,334|548|375|59|487|311|618|381|399|336|77|880|928|488|12,Q413299,,,,bevacizumab
22392911,906|79|427|78|425|81,Q4835503,,JOGKUKXHTYWRGZ-UHFFFAOYSA-N,71952,bez235
19029981|23619167|23549875|26678033|24356815|21107323|20619739|22262166|22392911|17384584|25855885,893|322|79|427|95|897|359|311|107|896|898|387|96|895|878|12,Q4835503,,JOGKUKXHTYWRGZ-UHFFFAOYSA-N,71952,"bez235 (nvp-bez235, dactolisib)"
27870574,511|267|828|827,Q27075200,,QADPYRIHXKWUSV-UHFFFAOYSA-N,63451,bgj-398
27535980|27998968|26015511|29182496|24135816|24122810|26637881|29848605|27870574,2404|2405|267|783|2202|268|2400|628|196|2399|2401|2403|2407|830|1692|2406|2206|782,Q27075200,,QADPYRIHXKWUSV-UHFFFAOYSA-N,63451,bgj398
22623731|12517791|26000489|29211833,359|392|176|600,Q1988832,,LKJPYSCBVHEWIU-UHFFFAOYSA-N,91617,bicalutamide
27167191|28284557|26987942|29245078,336|208|2550,Q19903515,,ACWZRVQXLIRSDF-UHFFFAOYSA-N,,binimetinib
24588908|26544513|26821351|23414587|26925841,94|698|275|208|427,Q19903515,,ACWZRVQXLIRSDF-UHFFFAOYSA-N,,binimetinib (mek162)
21045145,420,Q32973611,,JMMRUZNPQQQTAB-UHFFFAOYSA-N,,"bis-2-(5-phenylacetamido-1,2,4-thiadiazol-2-yl)ethyl sulfide"
24333121,59,Q32973611,,JMMRUZNPQQQTAB-UHFFFAOYSA-N,,"bis-2-[5-(phenylacetamide)-1,3,4-thiadiazol-2-yl]ethyl sulfide"
24927325,370,Q27088932,,,,bmn-673
16046538,968,Q419940,,ZBNZXTGUTAYRHI-UHFFFAOYSA-N,49375,bms-354825
26204491,24,Q27075347,,OUSFTKFNBAZUKL-UHFFFAOYSA-N,91399,bms-387032 (sns-032)
22541434,57,Q419319,,GXJABQQUPOEUTA-RDJZCZTQSA-N,52717,bortezomib
28679691,922,,,,,bortezomib (ps-341)
19039322|27491651|19075254|22371878|21865346,1535|1534|1509|1022|1533|1536|34|1487|1526|2376|1026|1173|1231|983|65|1027|972|1531|1029|1532|1030|73|892|1507|1024|2371|1640|1506|1230|241|1639|414|1523|1529|1025|1527|1021|2|1530|1537|3|1233|1538|1528|1152|1184|1023|1232|2375,Q894611,,UBPYILGKFZZVDX-UHFFFAOYSA-N,39112,bosutinib
26951079|26372962|27049722|28475456|25228534|25727400,528|499|550|552|465|171,Q27456393,,AILRADAXUVEEIR-UHFFFAOYSA-N,,brigatinib
28287083,415|34,,mixture,,,"brigatinib, panitumumab, cetuximab"
28281183|25672916,214,Q27075560,,CWHUFRVAEUJCEF-UHFFFAOYSA-N,71954,buparlisib
25544636|25002028|25550549|27451907|24608574|25409150,510|25|311|107|693|212|214,Q27074391,,STUWGJZDJHPWGZ-LBPRGKRZSA-N,93752,byl719 (alpelisib)
26603525,856,Q27075626,,HEKJYZZSCQBJGB-UNOMPAQXSA-N,,c646
25670080,156,Q412963,,BMQGVNUXMIRLCK-OAGWZNDDSA-N,63584,cabazitaxel
27694386|28103611|27825636|25242168|26372962|25351743|27496134,1688|1687|311|798|505|465|506,Q795057,,ONIQOQHATWINJY-UHFFFAOYSA-N,72317,cabozantinib
18408761,33|34,Q5032274,,OMZCMEYTWSXEPZ-UHFFFAOYSA-N,61399,canertinib
20504363,875,,,,,capecitabin
19289619|24146218|24957073|17192538|22180495|23988873,738|740|306|737|12|369,Q420207,,GAGWJHPBXLXJQN-UORFTKCHSA-N,31348,capecitabine
22374460,875,,,,,capecitibine
25971938,324,Q27075685,,LIOLIMKSCNQPLV-UHFFFAOYSA-N,,capmatinib
19470925|22139083|28281183|22296372|25798586|26006067|25672916|26307133|25010864|16875718|25847936|11595686|19648970|23390248,18|186|384|250|245|314|1306|592|185|591|918|264|1068|263|254|1307|1283|253|261|214,Q27464772,,BHKICZDKIIDMNR-UHFFFAOYSA-L,,carboplatin
11070098,85,Q415869,,DLGOEMSEDOSKAD-UHFFFAOYSA-N,3423,carmustine
26537256,298,Q27278110,,IXRKBBVMDMKAEB-UHFFFAOYSA-N,,cbl0137
26370156,573,Q27075761,,UFKLYTOEMRFKAD-UHFFFAOYSA-N,,cc-223
25218906,186|185,Q5057052,,XXJWYDDUDKYVKI-UHFFFAOYSA-N,94782,cediranib
28881160,1285,,,,,celecoxib
24675041|24670165|26917690|26775591|25736571|26973324|26372962|26933125|26698910|25228534|25727400,6|528|551|269|499|527|512|172|2218|552|465|171|7|503,Q21011233,,VERWOWGGCGHDQE-UHFFFAOYSA-N,78432,ceritinib
24934779|18794099|17363584|26508446|22281684|18669866|26712222|24687927|17590872|23867504|21900593|25677871|24957073|26666244|16187797|16618717|25673558|22246397|27102076|19001320|22586653|26989027|25666295|25989278|23578570|21653686|19603024|20978259|24653627|14993230|22722830|22152101|22734028|26888827|26243863|26623049|20570890|27040853|24893891|19903786|17375050|24577089|22270724|23348520|26561417|21163703|21048039|17998284|22392911|28363909|20010090|23619167|23729478|27729313|19339720|25520391|21502544|22199315|22797062|26287849|28223103|26046389|23374602|18946061|22357840|25673644|27404270|21107323|19114683|24553387|19223544|19603018|22016507|28259104|20956938|26644315|19884556|18003960|26371285|24146218|28275037|18202412|26812186|20619739|24894453|23265711,906|1491|378|1103|1317|272|208|460|611|1104|214|94|911|1175|1517|897|103|33|992|77|148|1396|12|627|868|884|905|1151|134|898|880|893|1105|910|282|1002|1395|270|281|826|289|81|1196|1394|45|315|592|928|496|1582|39|311|399|336|79|930|105|96|824|75|95|318|907|896|878|354|497|934|825|107|342|44|1500|106|1569|93|369|314|908|454|104|17|453|317|425|913|1499|306|909|193|443|59|1654|312|455|274|190|78|1178|420|427|290|530|216|895,Q420296,,,,cetuximab
21558396,103|107,Q27075949,,JEGHXKRHKHPBJD-UHFFFAOYSA-N,,ch5132799
26938871,499,Q27104897,,GYABBVHSRIHYJR-UHFFFAOYSA-N,62268,ch5424802
24740294|23515910|26802149|23828442|15900596,799|336|214|222|369,Q974135,,,,chemotherapy
16243825,534,Q415939,,JCKYGMPEJWAADB-UHFFFAOYSA-N,48770,chlorambucil
27735949,2230,,,,,chloroquine
17911174|18682506|15021901|18948947|21102257|19165201|21882184|12097271,925|12,Q27076005,,GFMMXOIFOQCCGU-UHFFFAOYSA-N,91353,ci-1040
22302096|15790433|28490518|22296372|25798586|26943774|19434073|25010864|29338080|27489350|25924824|25081901|23188704|14514923|27922681|25668009|16875718|24239278|21458988|23764753|26893365|26181256|16243825|23390248|26671993|19274060|25082261|27034505|24595080|26162296|25847936|11595686,186|245|343|180|504|264|1068|1307|1257|1303|490|250|2165|254|261|214|1693|251|335|185|877|181|263|372|158|252|1306|314|445|349|918|534|329|104|405,Q412415,,LXZZYRPGZAFOLE-UHFFFAOYSA-L,27899,cisplatin
25227833,2410,,,,,cisplatin concomitant with gemcitabine
16807441|12789263,1257|2409,,,,,cisplatine
23800680,792,Q3678806,,,,cixutumumab
25265494|27480103|23934108,12|563|17,Q27162831,,RESIMIUSNACMNW-BXRWSSRYSA-N,90853,cobimetinib
26291055,346,Q3685951,,,,conatumumab
24685132,289,Q27076902,,LLVZBTWPGQVVLW-SNAWJCMRSA-N,,cp724714
24132921|22745105,99|102|862|100|101|863|98|865|864,Q5184160,,DYNHJHQFHQTFTP-UHFFFAOYSA-N,,crenolanib
25393798|24736079|23434628|27009859|24140933|27325282|18927303|23729361|26724472|24162815|19737969|25470694|21258415|22215748|23598171|20979469|26884591|25769807|24687827|26372962|24478318|23724914|25408655|27401242|26712101|25733882|26791794|25228534|21948233|27022118|24875859|26845121|25264305|21623265|22034911|21716144|24509625|25971939|25688157|25727400|27045755|23724913|23239810|29578538|27565911|21502504|25393796|25898962|27565908|27343443|25922291|20979473|26221234|23729478|28586279|26444240|25232318|22912387|21933749|25961751|27594191|27664533|26698910|26942346|26466010|20979472|26547802|24330038|26845194|22072639|22162573|25028698|18089725|27343442|24192513|27068398|21345110|27022036|21030459|22277784|27507192|23006951|22235099|26775591|26673800|26729443|24296758|23344087|24675041|25667280|26892698|21791641,1553|173|551|1641|549|839|172|1660|1271|309|425|1683|419|7|589|324|270|269|499|5|576|1661|621|1493|518|352|1649|171|1505|1556|307|1275|2260|78|315|33|308|464|514|608|527|513|1554|588|501|520|1402|516|1492|6|500|170|503|8|517|1651|2220|2565|1670|801|465|649|528|1671|9|1477,Q5186964,,KTEIFNKAUNYNJU-GFCCVEGCSA-N,64310,crizotinib
20942962,442,,,,,crs/iphc
25970248,1296,,,,,ctla-4 antibody
28211448,132|131,Q27270731,,WOQIDNWTQOYDLF-CGAIIQECSA-N,,cx-3543
28211448,132|131,Q27166854,,XGPBJCHFROADCK-UHFFFAOYSA-N,95090,cx-5461
18371219|19648970,311|384,Q27106287,,PWOQRKCAHTVFLB-UHFFFAOYSA-N,4026,cyclophosphamide
26000489,600,Q426185,,UWFYSQMTEOIJJG-FDTZYFLXSA-N,50743,cyproterone acetate
18591546|21343560|24013721|15304385,129|1302|376|155,Q180983,,UHDGCWIWMRVCDJ-CCXZUQQUSA-N,28680,cytarabine
25399551|27577079|23463675|27135738|23524406|21343559|21107320|25435907|28480077|27283860|16424035|25265492|23171796|28178529|29431699|28891408|24265155|25056119|26392102|28078132|20818844|22735384|25673644|21107323|23020132|22608338|27048246|23031422|24583796,13|17|169|2361|2109|12|1269|563|694|336|1879|1270|2225|208|698|2226|11|1107|367|584,Q3011604,,BFSMGDJOXZAERB-UHFFFAOYSA-N,75045,dabrafenib
28178529,1879,,mixture,,,"dabrafenib, trametinib"
24586605,12,Q27076970,,,,dacarbazine
21430269|25899785|26768165|25939761,817|33|313|133|34|41|306|414|818,Q17130597,,LVXJQMNHJWSHET-AATRIKPKSA-N,132268,dacomitinib
20537386|21953054|19391130|26118315|19779040|15705718|17372901|16772610|20956938|17264298|27485109|23729178|18986703|21523734|16434489|19212337|18794084|17699867|26758680|25317746|27231123|19671763|16046538|15930265|16775234|19075254|19039322|22328973|18818391|22740998|19487385|15256671|17339191|26912052|27364904,1293|1624|1659|2370|1510|99|983|968|66|2343|1620|1607|2335|1525|1507|2371|1619|1611|1603|12|1605|1528|1152|1604|1596|1595|1599|1183|978|1531|577|1609|1656|1622|1606|1316|145|142|1617|144|1610|336|3|1233|1023|2340|1601|1614|1022|1487|1612|1526|1|1026|140|65|1602|1597|1613|1494|1030|73|892|1618|1506|1495|1682|139|241|1025|1621|1608|1600|1230|1535|1508|1534|913|1625|72|1231|1173|1518|1027|972|1029|1598|1623|1488|2359|1669|1024|1523|1021|2|141|143|1267|530|1616|1615|1538|58|1184|1657|1496,Q27139135,,XHXFZZNHDVTMLI-UHFFFAOYSA-N,70839,dasatinib
22591714,2397,,,,,dasatinib (bms-354825)
18591546|22417203|22081665|15626738|15304385,129|32|1302|55|86,Q411659,,STQGQHZAVUOBTE-VGBVRHCVSA-N,41970,daunorubicin
25968887|22124213|21415852,336|189|335|480,Q1181878,,XAUDJQYHKZQPEU-KVQBGUIXSA-N,50131,decitabine
27663592,187,Q15723091,,PIMQWRZWLQKKBJ-SFHVURJKSA-N,95060,dinaciclib
27876675|24647522|25693012|20651371|19157633|20038723|27153245|22425996|25670080|25542057|28492898|21653686|23200175|26209642|25739674|26307133|22149875|26125448|24088382|26261420,312|78|869|485|315|592|222|652|425|328|336|306|208|249|1257|354|405|214|156,Q27126905,,XCDIRYDKECHIPE-QHEQPUDQSA-N,59809,docetaxel
24124571|24448819|27315356|23658459|21119661,2167|630|325|511|629|267,Q27077102,,KCOYQXZDFIIGCY-ZZEZOPTASA-N,,dovitinib
21119661,268,,mixture,,,dovitinib dilactic acid (tki258 dilactic acid)
15486187|23585524|22698404|9569050|11792751|24013721|18371219|22896685,1158|1153|547|1163|1171|901|222|904|1169|1156|1165|1162|1154|1157|1159|1172|1166|1170|1161|1160|1167|903|383|116|266|1155|311|902|1164|119|376|1168,Q18936,,AOJJSUZBOXZQNB-TZSSRYMLSA-N,28748,doxorubicin
28472902,276,Q19904005,,,,durvalumab
14514923,1109|222|922|121|116|1108,,,,,eap protocol
16282176|26561417|20826716|26739882|22426421|23935914|21890455|26439803|27037411|22056021|24577117,190|75|312|78|2386|313|272|336|526|274|193,Q27077159,,YOHYSYJDKVYCJI-UHFFFAOYSA-N,,egfr inhibitor
28588020,570,Q27077182,,DYLUUSLLRIQKOE-UHFFFAOYSA-N,,enasidenib
28193778,570,Q27077182,,DYLUUSLLRIQKOE-UHFFFAOYSA-N,,enasidenib (ag-221)
28363909|25673644,592|17,Q15409405,,CMJCXYNUCSMDBY-ZDUSSCGKSA-N,,encorafenib
26884591|28183697|26565381|26546295,1281|269|800|1277|499|801|1280|419|805|1295|1278|1282,Q25323953,,HAYYBYPASCDWEQ-UHFFFAOYSA-N,,entrectinib
25544636|25184630|23779130,510|175|362,Q1996756,,WXCXUHSOUPDCQV-UHFFFAOYSA-N,68534,enzalutamide
22333600,396,Q5381479,,AXRCEOKUDYDWLF-UHFFFAOYSA-N,91368,enzastaurin
18371219|22431701,311|394,Q425122,,AOJJSUZBOXZQNB-VTZDEGQISA-N,47898,epirubicin
23620515|27391784,695|696,Q27088941,,NSQSAUGJQHDYNO-UHFFFAOYSA-N,,epz-6438
26006067,1283,Q408717,,UFNVPOGXISZXJD-JBQZKEIOSA-N,63587,eribulin
22025157|27569104|19786660|23181703|24039832|27032107|17085664|16818618|15696205|10580029|25521405|25853010|24758907|17877814|20493771|24123531|24636847|23749122|17177598|22895145|23435671|16282176|23470965|21862683|26773740|25179728|16043828|20826716|16407879|24351425|24736073|21531810|21841502|19671843|21317745|22773810|26206867|2199829|24550739|27664271|27304188|21132006|23371856|22982663|26181029|19794967|20942962|27004400|25668228|18408761|27566387|21969500|24908064|15310767|26124334|24893891|16187797|15737014|27612423|27211795|26722081|16818686|15329413|27102076|26802155|19147750|22901364|10080613|22328973|28874593|22270724|22285168|17409929|27207775|22982650|29290255|24868098|23313110|24353160|26768165|19010870|17618013|24457318,2257|720|1020|718|995|723|1572|1465|724|1672|999|1567|1018|1446|442|1581|1005|911|1004|33|992|691|1001|77|148|1664|1443|1854|994|1017|1187|134|1580|1552|133|191|1012|1863|1866|1002|270|1673|1433|1188|1635|81|1394|1390|320|1003|1668|1513|2258|2214|1511|1514|145|1578|1420|336|1571|375|79|1666|1467|1387|313|34|1557|1013|562|1482|1474|75|726|907|1016|354|1665|1667|2203|2259|996|1573|877|1515|1891|1569|2332|2216|1638|1182|890|736|104|1574|1566|2215|712|1894|425|913|1466|306|1575|193|1577|312|5|1181|2256|390|891|190|78|1662|2217|1445|2333|1896|427|530|1579|2213,Q418369,,AAKJLRGGTJKAMG-UHFFFAOYSA-N,114785,erlotinib
26291013,1258,Q27124083,,GTTBEUCJPZQMDZ-UHFFFAOYSA-N,53509,erlotinib hydrochloride
29802158,2286,,,,,erlotinib/pertuzumab
14514923,1306,Q418817,,VJJPUSNTGOMMGY-MRVIYFEKSA-N,4911,etoposide
26027660|28550065|26821351|27445490|23989949|27751729|23582881|24625776|21358673|25982012|25295501|22923433|23238879|22343617|25567352|26544513|24253377|28330462|27091708|21189378|23340172|26951309,572|160|273|387|313|213|635|124|637|485|659|214|275|854|2063|510|107|469|634|277|183|427|311|395|125|470,Q421052,,HKVAMNSJSFKALM-GKUWKFKPSA-N,68478,everolimus
27751729|23995526,161|2231|2237,,,,,everolimus (jan/usan/inn)
28550065|21422407,210|2063,Q418819,,BFYIZQONLCFLEV-DAELLWKTSA-N,4953,exemestane
29755131,2424,,,,,exemestane [usan:inn:ban]
27135738,2569,,,,,ezh2 inhibitor jqez5
21847063,336,Q27088685,,WUILNKCFCLNXOK-CFBAGHHKSA-N,,farnesylthiosalicylic acid
22541434,57,Q5437132,,NGOGFTYYXHNFQH-UHFFFAOYSA-N,,fasudil
27535980|24124571,2167|268,Q27088276,assuming this is referring to the same drug,DXCUKNQANPLTEJ-UHFFFAOYSA-N,63448,"fgf/vegf receptor tyrosine kinase inhibitor, pd173074"
12777976,554,Q4063441,,BIIVYFLTOXDAOV-YVEFUNNKSA-N,47344,flavopiridol
26000489,600,Q418669,,MKXKFYHWDHIYRV-UHFFFAOYSA-N,5132,flutamide
27177629,548,,,,,folfiri regimen
25666295,906,,,,,folfox4
19922504,259,,,,,folfoxprotocol
23213094|26372962|25688157,517|323|518|516|465,Q5469311,,CXQHYVUVSFXTMY-UHFFFAOYSA-N,91418,foretinib
23881388|27252418|24448819|27445490|24185510,377|107|313|49|511|47|602|50|48|46,Q5508491,,VWUXBMIQPBEWFH-WCCTWKNTSA-N,31638,fulvestrant
23934108,336,Q27156806,,ZEZHPEIEEFTILY-QMMMGPOBSA-N,83404,g-573
23539443,174,,,,,g007-lk
25210794,363,Q27254612,,RVAQIUULWULRNW-UHFFFAOYSA-N,,ganetespib
23934108,336,Q27280129,,RFWVETIZUQEJEF-UHFFFAOYSA-N,,gdc-0623
23549875,12,Q27077781,,DEZZLWQELQORIU-RELWKKBWSA-N,83405,gdc-0879
28389374,2211,,,,,gdc-0980
23845441,12,Q27088388,,LHNIIDJUOCFXAP-UHFFFAOYSA-N,65326,gdc0941
28389374,2238,,,,,gdc0980
22025157|25948633|15118072|20038723|19692680|16730237|22586683|16205628|27022112|24755888|15696205|26745678|17085664|23619944|10580029|22281684|20022809|24758907|23749122|18509184|26124204|16282176|23470965|25179728|20826716|16043828|16906227|20573926|25978031|15728811|24736073|21531810|26206867|2199829|27304188|15737014|27664271|19794967|19060236|15870435|20522446|17463250|26124334|26722081|15118073|22370314|24893891|16707605|17020982|15118125|24685132|16818686|15329413|18227510|20966921|19147750|22901364|10080613|12748244|15897572|15998907|19020901|17409929|23313110|24353160|17384584|24457318,1765|1009|2257|79|2174|2397|712|313|133|34|913|191|425|1013|2255|1012|562|306|1863|1020|718|193|1895|1866|1577|1006|1002|270|312|1181|348|999|289|1897|2256|442|1016|354|1008|380|1005|1665|390|1892|190|1007|1004|1003|78|33|2334|1276|877|1515|1001|77|1010|148|1569|12|1854|2333|1011|1463|1457|2332|1899|859|1017|76|134|1413|1420|1579|1182|890|104|1477,Q417824,,XGALLCVXEZPNRQ-UHFFFAOYSA-N,49668,gefitinib
20088962|12789263|19157633|11792751|29338080|17131328|19543324|21862683|23038758|26057002|26894380|22004109|24647522|17224927|28577946|15581051|16243825|24915778|23390248|15217961|24595080|24013721,186|331|75|547|400|406|314|795|875|185|475|282|796|77|376|534|249|1257,Q414143,,SDUQYLNIPVEERB-QPPQHZFASA-N,175901,gemcitabine
25227833,2410,,,,,gemcitabine concomitant with nedaplatin
14977831,1257,,,,,gemcitabine/cisplatin
27694828,2240,,,,,gf109203x
24097869,374,,,,,gne-617
27694828,2240,,,,,go6983
25324139,853,Q27265892,,DZRLVSOGARUEGQ-UHFFFAOYSA-N,,gpi-15427
16424035,12,Q7833138,,LIRYPHYGHXZJBZ-UHFFFAOYSA-N,75998,gsk 1120212
27135738|29202477|26304929|25686104,165|1293|298|2109,Q27077865,,FKSFKBQGSFSOSM-QFIPXVFZSA-N,124921,gsk126
24735930,214|4,Q27089099,,AXTAPYRUEKNRBA-JTQLQIEISA-N,,gsk2141795
29610121,2286,,,,,gsk2849330
26436839,59,,,,,gsk321
24335962,1301,Q27077916,,KGPGFQWBCSZGEL-ZDUSSCGKSA-N,90677,gsk690693
21415852,480,Q27254880,,GUWXKKAWLCENJA-WGWHJZDNSA-N,,guadecitabine
24186003,30,Q27077940,,MYQAUKPBNJWPIE-UHFFFAOYSA-N,,gw-2580
24185512,49|47|50|48|46,Q1628266,,,,hormone therapy
27276402,670,Q27078015,,VUVUVNZRUGEAHB-CYBMUJFWSA-N,95083,i-bet151
27626698|24869598|28830912|25853747|26182309,306|168|2564|870|424,Q5984881,,XYFPWWZEPKGCCK-GOSISDBHSA-N,76612,ibrutinib
22081665,32,Q1063862,,XDXDZDZNSLXDNA-TZNDIEGXSA-N,42066,idarubicin
26466009,294,Q5908266,,IFSDAJWBUCMOAH-HNNXBMFYSA-N,82701,idelalisib
22682017,391,,,,,igf1r monoclonal antibody
20537386|21953054|24456122|16143141|16960151|20533592|18607592|18955458|17372901|22114577|23775962|14645423|23231951|17699867|16954519|21642685|24186003|14504092|12623848|15201427|25658984|24132921|20043176|21364689|16751810|12949711|19671763|16046538|15930265|18421059|20008851|16487996|22426421|19075254|16624552|15194504|23835704|26130666|12476305|12660384|25015329|15928335|22089421|21690468|16551858|18955451|15363456,1264|855|201|956|949|967|1022|963|977|958|952|1|1263|72|1026|980|951|974|99|970|67|961|983|1027|989|66|101|975|972|968|1029|986|976|526|966|969|73|586|1030|965|202|953|892|577|509|30|1024|574|1206|862|960|955|957|964|863|1266|774|247|1023|241|950|1265|959|946|535|388|971|1021|962|2|1316|1267|568|429|948|954|3|979|981|865|864,Q177094,,KTUFNOKKBVMGRW-UHFFFAOYSA-N,45783,imatinib
16772610,1173,,,,,imatinib mesilate
26758680|15705718|18955458|16772610,2340|1657|1022|1487|1231|1173|99|1027|1531|1029|1030|892|1507|1609|1024|1656|941|241|1025|971|1021|2|3|1528|2358|1184|1023|1230,Q27114666,,YLMAHDNUQAMNNX-UHFFFAOYSA-N,31690,imatinib mesylate
22931316,424,,,,,img-2005-5
21890455,336,,,,,imo
15659725,87,,,,,induction therapy
21508395,186,,,,,iniparib
27863413|23828865,573|1690,Q27078072,,GYLDXIAOMVERTK-UHFFFAOYSA-N,91450,ink128
23287563,510,Q27078088,,GRZXWCHAXNAUHY-NSISKUIASA-N,95089,ipatasertib
21258415|20940188,499|5,Q27139829,,OIRUWDYJGMHDHJ-AFXVCOSJSA-N,71956,ipi-504
23724867|25802883,599|276,Q2459042,,,,ipilimumab
22931316,424,Q27078097,,QTCFYQHZJIIHBS-UHFFFAOYSA-N,,irak-1/4 inhibitor
27022066,639|640,Q947266,,YOSHYTLCDANDAN-UHFFFAOYSA-N,5959,irbesartan
19603018|25322874|27729313|25973082|25601188|24934408|24256029|19603024|20570890|26687137|19775480|25788273|20628391,340|1105|910|306|909|824|384|75|1103|371|907|826|1104|2398|265|334|825|77|12|627|2168|311|399,Q412197,,UWKQSNNFCGGAFS-XIFFEERXSA-N,80630,irinotecan
26709701,336,Q20948663,,MXAYKZJJDUDWDS-LBPRGKRZSA-N,90942,ixazomib
26324363,1691|828|782|830,Q27077213,,OLAHOMJCDNXHFI-UHFFFAOYSA-N,,jnj-42756493
21889194|25053825,1302|1303,Q3156953,,DNVXATUJJDPFDM-KRWDZBQOSA-N,,jq-1
26733615|28391274|27276402|26397223|20871596|23430699,719|298|670|505|506|1279,Q3156953,,DNVXATUJJDPFDM-KRWDZBQOSA-N,,jq1
24373973,698,Q3156953,,DNVXATUJJDPFDM-KRWDZBQOSA-N,,jq1 compound
27135738|29202477,298|2109,,,,,jqez5
26267899|25982282,327|333,,,,,jsi-124
22440753,174,,,,,jw55
23761041,179,,,,,ku-0060648
28069604|17088436,2210|409,,,,,l-asparaginase
25973082|25788273,334|340,Q192464,,VVIAGPKUTFNRDU-STQMWFEESA-N,63606,l-folinic acid
25537159|21840482|17192538|16091755|22257673|22046346|22294718|23220880|25398453|19718025|25590338|20124187|23559153|25587029|19010894|26243863|18408761|25691057|25300346|26811533|24868024|28061634|22493419|27697991|26255196|27108243,416|42|34|306|365|35|1305|873|1309|289|1304|1320|354|497|214|310|45|872|37|1311|33|107|360|44|496|874|39|1312|314|875|871|104,Q420323,,BCFGMOOMADDAQU-UHFFFAOYSA-N,49603,lapatinib
29880614|29920189|29606586|29466156|26716414|29623306|29683819,2394|800|1277|2288|2395|2393|801|419|2396|2287|1278|2289,,,,,larotrectinib
26216294|26603524,1278|419|1277,Q27081513,,NYNZQNWKBKUAII-KBXCAEBGSA-N,,larotrectinib (loxo-101)
22038994,183,Q7131441,,FPOHNWQLNRZRFC-ZHACJKMWSA-N,85990,lbh-589
26124204|26546616,300|1276,Q22075856,,VZZJRYRQSPEMTK-CALCHBBNSA-N,90863,lde225
23480694,713,Q425681,,GOTYRUGSSMKFNF-UHFFFAOYSA-N,63791,lenalidomide
27496134,1689,Q6523413,,WOSKHXYHFSIKNG-UHFFFAOYSA-N,85994,lenvatinib
14726387|24162815,55|419,Q6531771,,UIARLYUEJFELEN-LROUJFHJSA-N,91471,lestaurtinib (cep-701)
25524798|29755131|26715889|27556863,47|554|2424|607,Q194974,,HPJKCIUCZWXJDR-UHFFFAOYSA-N,6413,letrozole
27626067,39,,,,,leucovorin
29211833,359,,,,,leuprorelin
24277854,601,,,,,lgk974
27286459,555|554,Q6554803,,PKCDDUHJAFVJJB-VLZXCDOPSA-N,,linsitinib
23904111,648,Q415378,,GQYIWUVLTXOXAJ-UHFFFAOYSA-N,6520,lomustine
26033044,332,Q3258910,,DHMTURDWPRKSOA-RUZDIDTESA-N,47097,lonafarnib
26698910|26554404|25733882,6|8|549|5|352|465|9|516,Q27285820,,IIXWYSCJSQVBQM-LLVKDONJSA-N,,lorlatinib
27093299|29623306,2422|801,,,,,loxo-101
29912274,1687|113|273|2568,,,,,loxo-292
24836576,322,Q27074101,,,,ly2835219
15324695|26490311,283|214|284,Q4042503,,CZQHHVNHHHRRDU-UHFFFAOYSA-N,65329,ly294002
26732095,522,,,,,ly3009120
27875625,2415,,,,,lysine
25970771,183,,,,,mc1568
26674132,808|809,,,,,medi0680
26674132|24893891,1002|808|33|809,Q19904005,,,,medi4736
20141835|29386539|26324360,2372|579|581|656,Q17142288,,,75997,mek inhibitor
24788118,1285|1286,,,,,meloxicam
19284554|11050000|11524732|16243825|15339850|12483530|16497971,78|534|148|79|913,Q2298283,,SGDBTWWWUNNDEQ-LBPRGKRZSA-N,28876,melphalan
25923549,34,Q21506464,,DUYJMQONPNNFPI-UHFFFAOYSA-N,90943,mereletinib
25952648,621,,mixture,,,"met inhibition, erbb3 inhibition"
25504439,208,Q19484,,XZWYZXLIPXDOLR-UHFFFAOYSA-N,6801,metformin
23652803,777|778|779,Q422232,,FBOZXECLQNJBKD-ZDUSSCGKSA-N,44183,methotrexate
20733134|27355533|28546144|15448205,519|56|65|466,Q6842945,,BMGQWWVMWDBQGC-IIFHNQTCSA-N,63452,midostaurin
14514923,1306,Q19856779,,NWIBSHFKIJFRCO-WUDYKRTCSA-N,27504,mitomycin
21135251|16243825|11792751,547|532|534|132,Q19856779,,NWIBSHFKIJFRCO-WUDYKRTCSA-N,27504,mitomycin c
27297869|22025163|27663592|24504448|23888070,79|1301|4|104|605|214|187,Q25100065,,ULDXWLCXEDXJGE-UHFFFAOYSA-N,67271,mk-2206
28240971,1261,,,,,mk-8242
26370156,573,Q27078072,,GYLDXIAOMVERTK-UHFFFAOYSA-N,91450,mln0128
15256420|16046538,1302|968,Q27095683,,UXXQOJXBIDBUAC-UHFFFAOYSA-N,90237,mln518
25970771,183,Q424869,,HRNLUBSXIHFDHP-UHFFFAOYSA-N,94525,mocetinostat
18593940,407,Q6901739,,DASWEROEPLKSEI-UIJRFTGLSA-N,,monomethyl auristatin e
21422803,113|112,Q6917202,,RAHBGWKEPAQNFF-UHFFFAOYSA-N,51098,motesanib
26831717|24622468|24586741|20085938,2171|125|110|281|2172,Q5282002,,,68481,mtor inhibitors
29386539,2372,,,,,naquotinib
23377281,238|240|239,Q1216264,,IXOXBSCIXZEQEQ-UHTZMRCNSA-N,63612,nelarabine
20142587|28274957|23220880|26243863|16818618|28679771|26874901,35|39|45|36|37|666|42|33|34|43|2330|41|44|306|38|496|40|497|2331,Q6995920,,JWNPDZNEKVCWMY-VQHVLOKHSA-N,61397,neratinib
24088390,529,Q192423,,DFPAKSUCGFBDDF-UHFFFAOYSA-N,17154,nicotinamide
20537386|19652056|19671763|28720666|26622510|17699867|18191450|19075254|26424760|17372901|16772610,1022|1|72|1026|1173|1231|1183|1027|968|1531|1029|519|2351|586|892|1024|2371|241|1025|2352|388|1021|2|3|1233|1528|1152|1184|1023|1232|1230,Q412327,,HHZIURLSWUIHRB-UHFFFAOYSA-N,52172,nilotinib
26000489,600,Q3877030,,XWXYUMMDTVBTOU-UHFFFAOYSA-N,7573,nilutamide
26778701|26459251,193|312,Q3877039,,,,nimotuzumab
26787234,626,Q15149723,,XZXHXSATPCNXJR-ZIADKAODSA-N,85164,nintedanib
25779942,366,,,,,niraparib
28525386|28351930|26822383|26918451|27001570|28472902|22658127|23724867|26086854,423|336|508|276|189,Q7041828,,,,nivolumab
26152787,330,,,,,notch1 antibody
21719597,87|86,,,,,nsc348884
23761041,179,Q27088099,,JAMULYFATHSZJM-UHFFFAOYSA-N,91361,nu7441
23812671,12,Q7070462,,BDUHCSBCVGXTJM-IZLXSDGUSA-N,46741,nutlin-3
17671205,221|369,,,,,nutlin-3a
28637688,722,,,,,nvp-aew541
23828865,1690,Q27074554,,ODPGGGTTYSGTGO-UHFFFAOYSA-N,,nvp-ast487
19010894,104|107,,,,,nvp-bez235
11070098,85,,,,,o(6)-benzylguanine
26167872,28,Q27088155,,DJOVLOYCGXNVPI-UHFFFAOYSA-N,,oicr-9429
19553641|20739657|21862407|24240700|28363999|26510020|28389374|28490518|25366685|28578601|20124459|22683710|27197561|23346317|24841718|28792849|25218906|24882434|25883215|28148839|23415752,2238|186|178|645|2212|131|1303|2211|1555|244|532|1693|2219|132|185|570|236|243|2236|179|326|428,Q7083106,,FDLYAMZZIXQODN-UHFFFAOYSA-N,83766,olaparib
22896000|19322212,2,,,,,omacetaxine mepesuccinate
23431193,208,Q27088179,,CGBJSGAELGCMKE-UHFFFAOYSA-N,95093,omipalisib (gsk2126458)
22389872,270,Q7091711,,,,onartuzumab
25670080,156,Q6554803,,PKCDDUHJAFVJJB-VLZXCDOPSA-N,,osi-906 (linsitinib)
26729184|25923549|26515464|26269204|26720284|24893891|25939061|28874593|27959700|26181354|28202511|29386539,2372|190|415|34,Q21506464,,DUYJMQONPNNFPI-UHFFFAOYSA-N,90943,osimertinib
26631615,298,,,,,otx015
24146218|24957073|26398480|19603024|25788273|24512910|24748501,538|412|340|311|399|77|306|491|12|2398|369,Q422327,,ZROHGHOFXNOHSO-BNTLRKBRSA-L,31941,oxaliplatin
18593940|22139083|24587245|28281183|18445659|26596839|25010864|21576762|21883677|23038758|22544540|25672916|26096845|23826550|26893365|25928036|26307133|23390248|19470925|16467099|18371219|12559175,262|264|357|1257|253|18|250|407|292|389|254|214|377|181|404|314|337|445|311|591|305|875|408,Q423762,,RCINICONZNJXQF-MZXODVADSA-N,45862,paclitaxel
27167191|27124835|27556863|29236940|25852058|26528855|27269946|27099147|27286459|24495407,1544|49|425|1521|553|692|48|272|47|81|554|1632|78|25|1631|555|50|1675|1630|1674|336|799|1522,Q15269707,,AHJRHEGDXFFMBM-UHFFFAOYSA-N,85993,palbociclib
19874578|20354191|27020857|22711607|23079656|22383795|25002028|26715889|23898052|27252418|25524798|20473330|21278246|16690963|24495407,18|607|606|25|311|556|23|602|555|638|554|306|20|187,Q15269707,,AHJRHEGDXFFMBM-UHFFFAOYSA-N,85993,palbociclib (pd0332991)
26508446|26867820|24653627|17470858|27325282|23325582|19661358|26644315|20535651|18316791|29431699|17590872|26687137|16953233|2547513|26888827|28275037|23746666|19903786|8462792|22357840|25673558|25673644|27404270|22270724|23348520|19001320|25989278|19223544|25589621,79|453|1269|425|913|306|443|318|281|907|455|272|81|208|611|354|934|214|190|1517|78|103|315|107|77|479|148|12|884|311|216|530|399|336|454|104|17,Q417775,,,,panitumumab
26733615|26920892,298|696,Q7131441,,FPOHNWQLNRZRFC-ZHACJKMWSA-N,85990,panobinostat
26137564,314,Q7148077,,,,patritumab
25766722|24550739|26646755|27160228|23881929|24625776,54|159|572|160|221|628|435|277|2205|660,Q7157043,,CUIHSIWYWATEQL-UHFFFAOYSA-N,71219,pazopanib
16424035|19010912|16273091,12,Q27088255,,SUDAHWBOROXANE-SECBINFHSA-N,88249,pd 0325901
26883990,486,,,,,pd-1 inhibitor
16046538,968,Q27290258,,SLCFEJAMCRLYRG-UHFFFAOYSA-N,,pd-180970
25970248,1296,,,,,pd-l1 antibody
24899684|23171796|24576830|20570890|26544513|24141786,906|275|506|587|481|505|12,Q27088255,,SUDAHWBOROXANE-SECBINFHSA-N,88249,pd0325901
20609353|23569312,553|425,Q15269707,,AHJRHEGDXFFMBM-UHFFFAOYSA-N,85993,pd0332991
18757403|27998968|22869148|21666749|21160078|24122810|21119661|23558953,545|783|268|53|628|325|1692|267|2402|782,Q27088276,,DXCUKNQANPLTEJ-UHFFFAOYSA-N,63448,pd173074
24504448,605,Q27076005,,GFMMXOIFOQCCGU-UHFFFAOYSA-N,91353,pd184352
26486786|16709929,559|64,,,,,pegylated ifn-alpha-2a
25891174|27093365|28351930|28451792|28619999|27433843|25765070|27903500|26822383|26918451|27683556|28472902|27718847|27159395|26086854,616|1643|1292|1648|1291|797|1645|276|1681|423|336|189|2207|1642|615|1644|1646|614|1647,Q13896859,,,,pembrolizumab
29773717|28351930|29736026,1262|1293|1268|715,,mixture,,,"pembrolizumab, nivolumab, atezolizumab"
28351930,1261,,mixture,,,"pembrolizumab, nivolumab, ipilimumab"
27876675|24636847|24782778|21367480|23060591|21642865|23645741|26502926|25668009,379|382|499|343|34|336|347,Q415220,,WBXPDJSOTKVWSJ-ZDUSSCGKSA-N,63616,pemetrexed
19706758,103|636|107,Q3411917,,SZFPYBIJACMNJV-UHFFFAOYSA-N,67272,perifosine
26206558|29320312|25693012|26689995|25216528|22149875,361|306|781|666,Q1998021,,,,pertuzumab
18089823,33|34,Q17130597,,LVXJQMNHJWSHET-AATRIKPKSA-N,132268,pf 00299804
26407235,1034,,,,,pf-03084014
22072639|21838707,8|9,Q5186964,,KTEIFNKAUNYNJU-GFCCVEGCSA-N,64310,pf-2341066
21258250|19075596|20535651|19513541|21227397|10492640,933|938|885|935|103|107|886|882|939|937|940|881|104|934|883,,,,,pi103
25002028,311,Q7187512,,,50914,pi3k inhibitor
19671852|27489350|20453058|23674493|23888070|23231951|25370471|24469055|22802530|25855885,885|297|510|103|884|311|107|886|306|212|881|104|12|883|388,Q27088388,,LHNIIDJUOCFXAP-UHFFFAOYSA-N,65326,pictilisib
27209210|24240112|25072261|15217961|24961465|21920589|26057002|21048039|25636205|19533750,186|331|190|2230|666|185|181|368|403|1257,Q27882222,,BASFCYQUMIYNBI-UHFFFAOYSA-N,,platinum
26222558,858,Q27088306,,,,plx3397
23845441|24185007|23812671|24504448,12|866|604,Q27088418,,YZDJQTHVDDOVHR-UHFFFAOYSA-N,90295,plx4720
29880614,801,,,,,plx7486
23480694,713,Q7227206,,UVSMNLNDYGZFPF-UHFFFAOYSA-N,72690,pomalidomide
22238366|24550739|25349473|23430109|23190221|26179511|25239608|24407160|24236021|19878872|27496134|26574622|24180494|24771645,54|2|574|52|268|990|511|241|515|1689|267|437|577,Q198728,,PHXJVRSECIGDHY-UHFFFAOYSA-N,78543,ponatinib
21358673|22262166,633|306|311|214|387,Q27088430,,MFAQYJIYDMLAIM-UHFFFAOYSA-N,90679,pp242
16614245,1143|1174|1034|1145|1144|1127|1142|1140|1032|1033|1031,Q424972,,XOFYZVNMUHMLCC-ZPOLXVRWSA-N,8382,prednisone
28490518,1303|1693,Q27269284,,DOTGPNHGTYJDEP-UHFFFAOYSA-N,,prexasertib
23904111,648,Q418656,,CPTBDICYNRMXFX-UHFFFAOYSA-N,71417,procarbazine
25759020,300,,,,,psi
23497317,1302,Q7272714,,CVWXJKQAOSCOAB-UHFFFAOYSA-N,90217,quizartinib
27671675|23430109|22504184,673|437,Q7272714,,CVWXJKQAOSCOAB-UHFFFAOYSA-N,90217,quizartinib (ac220)
21985784|23800680,336|792,,,,,r1507
28476872|26589432,311|276,Q180507,linked to “radiation therapy”,,,radiation
26788326,1319,,,,,radioactive iodine
25199829,336,Q27075961,,YABJJWZLRMPFSI-UHFFFAOYSA-N,91451,raf265
22422354,347,Q15304877,,IVTVGDXNLFLDRM-HNNXBMFYSA-N,5847,raltitrexed
27279227,610|609,Q27088517,,QDOGZMBPRITPMZ-LFEDRMHTSA-N,,rapalink-1
24934779|26027660|18787170|18281551|27279227|24631838|23171796|26255626|19966866|19541609|15647370|19122144,543|610|2377|103|485|587|542|609|544|460|414|124|470|637,Q32089,,QFJCIRLUMZQUOT-HPLJOQBZSA-N,9168,rapamycin (sirolimus)
21351275|18682506|21882184,12,,,,,rdea 119
25294897,336,Q27088526,,RDSACQWTXKSHJT-NSHDSACASA-N,,refametinib
22614970|26003007|23177515|26161928|24559322|27004155|26865419|25239608|27399335|26870193|27371698|21170960,1679|1551|79|949|1558|425|977|913|1498|1678|1504|1263|72|75|970|961|983|968|66|972|978|1550|81|966|73|202|953|112|1676|78|103|964|1266|1548|1265|148|959|12|1402|1503|971|1549|962|984|1542|530|1497|502|954|948|1677|1559|1267,Q3891664,,FNHKPVJBJVTLMP-UHFFFAOYSA-N,68647,regorafenib
26459177,221|369,Q27287118,,QBGKPEROWUKSBK-QPPIDDCLSA-N,,rg7112
25762343,341,,,,,rg7356
29236940|26987942|25002028,799|208|311,Q27088552,,RHXHGRAEPCAFML-UHFFFAOYSA-N,,ribociclib
24166148,336|311|214,Q2151796,,BUROJSBIWGDYCN-GAUTUEMISA-N,79700,ridaforolimus
28958504,621,Q7334301,,,,rilotumumab
25586468,312,Q25104603,,,,rindopepimut
24947927,426|336|17|208,,,,,ro4987655
28202511|24065731|26515464|27785053|25923550,190|34,Q27088606,,HUFOZJXAKZVRNJ-UHFFFAOYSA-N,,rociletinib
27932068,2209,,,,,rovalpituzumab tesirine
27908594,2379|1239|1246|1244|1242|1245|1252|1238|185|2378|1247|1243|1253|1237|1250|1236|1249|1240|1241|1251|1248,Q7376558,,HMABYWSNWIZPAG-UHFFFAOYSA-N,94311,rucaparib
26701727|24081659|27518686|25180155,631|822|2387,Q7383611,,HFNKQEVNSGCOJV-OAHLLOKOSA-N,66919,ruxolitinib
24013721,376,Q411909,,KQXDHUJYNAXLNZ-XQSDOZFQSA-N,,salinomycin
22550175,299,Q15426668,,HZLFFNCLTRVYJG-WWGOJCOQSA-N,,saridegib
27694386,798,Q27254463,,XYDNMOZJKOGZLS-NSHDSACASA-N,,savolitinib
26391455,304,Q27088696,,QHKYPYXTTXKZST-UHFFFAOYSA-N,79090,sb202190
26725216,336,Q27088760,,HDAJDNHIBCDLQF-RUZDIDTESA-N,,sch772984
24185007|25952648|26359368|24962318|18172275|20806365|28492898|28029918|26125448|21098728|25322874|24178622|16424035|22425996|28178529|25199829|24469055|26666244|27922010|21985784|23200175|26324360|24938562|26544513|24685132|26802155|22194965|26678033|18390968|19915144|21107323|24899684|18632602|20619739|22492957|23515407|22392911|17384584,655|906|893|79|222|425|96|481|1272|558|75|297|95|485|896|289|587|621|81|483|878|82|94|275|854|897|78|1881|14|482|12|55|697|507|322|427|83|898|336|866|895|1876,Q7448840,,CYOHGALHFOKKQC-UHFFFAOYSA-N,90227,selumetinib (azd6244)
25952648,289,,mixture,,,"selumetinib, trametinib"
28751755,2239,,,,,sertraline (inn)
27451907,693,,,,,sgk1-inh
22203985,671,Q27088796,,BCZUAADEACICHN-UHFFFAOYSA-N,90624,sgx523
12097271|18948947|21102257|19165201|15021901,925,Q32089,,QFJCIRLUMZQUOT-HPLJOQBZSA-N,9168,sirolimus
26418749,2232,,,,,sirolimus [usan:ban:inn]
25089570,366,,,,,sn-38
24651015,298|1983|1982,Q22075856,,VZZJRYRQSPEMTK-CALCHBBNSA-N,90863,sonidegib
23890088|26309414|18794803|18519791|18682506|16424035|17699867|22368270|23969938|18230792|20141835|19671763|22504184|24422672|15781657|26307133|21882184|22596232|26237499|19723655|19001320|16533790|24569458|25294897|22890726|27388325|20368568,393|467|72|841|18|968|579|1106|344|611|468|592|612|56|580|12|55|10|613|113|630|618|840|336|591|993|581|437|285,Q421136,,MLDQJTXFUGDVEO-UHFFFAOYSA-N,50924,sorafenib
25424858,565|114,,,,,spliceostatin a
25982282,333,Q27159314,,ZRRGOUHITGRLBA-UHFFFAOYSA-N,86989,stattic
24658966,34,Q5957181,,HKSZLNNOFSGOKW-FYTWVXJKSA-N,45788,staurosporine
21119661,325,Q27132630,,JNDVEAXZWJIOKB-UHFFFAOYSA-N,63449,su-5402
16046538|15304385,1302|968,Q417542,,WINHZLLDWRZWRT-ATVHPVEESA-N,38940,su11248
15626738|19318574,437|55,Q27159416,,XLBQNZICMYZIQT-GHXNOFRVSA-N,87159,su5614
22439647|26416414|26309414|23456621|18955458|22261812|27751729|26772734|19366796|27073655|24703573|26984080|20696054|21547131|12531805|19667267|14654525|16638875|29578538|15459012|19723655|26396737|19861442|27181063|24633157|23455880|25239608|24205792|25639617,1544|1302|1545|1551|79|949|967|2369|425|977|913|1498|467|1546|1547|2204|1263|72|603|1397|99|970|961|540|983|1540|66|65|968|972|819|978|1550|81|966|73|344|202|953|509|468|1632|1206|78|612|964|941|1548|1631|1541|148|1539|959|2237|183|971|1549|962|984|1542|530|1497|2565|1543|954|1630|716|597|2385|437,Q417542,,WINHZLLDWRZWRT-ATVHPVEESA-N,38940,sunitinib
26888827,443|454|455|453|442,,,,,sym004
21494621|18451166|18594010|22277784|18923525|25228534|25688157,173|8|517|527|9|528|520|503,Q27088117,,QQWUGDVOUVUTOY-UHFFFAOYSA-N,91338,tae684
22798288,582,Q27262384,,RCLQNICOARASSR-SECBINFHSA-N,,tak-733
28242752|27440269|28316110,1684|132|131|366,Q25100990,,IUEWAGVJRJORLA-HZPDHXFCSA-N,,talazoparib
24367492|21422407|10786679|25900183|24185510|24167368|24166501|23280579|15138475|21676217,46|18|158|1318|311|210|222|358|49|47|373|339|50|20|48|242,Q412178,,NKANXQFJJICGDU-QPLCGJKRSA-N,41774,tamoxifen
26589432,510|311|107|212,Q27088940,,BEUQXVWXFDOSAQ-UHFFFAOYSA-N,,taselisib (gdc-0032)
24961465|21920589|23218766,368|389|403,Q27116688,,DKPFODGZWDEEBT-QFIAKTPHSA-N,36064,taxane
29650362,695|349,,,,,tazemetostat
23988873,737|738|740,Q413370,,WFWLQNSHRPWKFK-UHFFFAOYSA-N,32188,tegafur
17442989|16541434|23960094|27440269|25779942|15758010|23904111|19118063|21365007|21576590|18772396|21625441|21331613|25910840|24586605|20975057,338|85|59|95|927|1255|178|366|648|880|96|928|12|420,Q425088,,BPEGJWRSRHCHSN-UHFFFAOYSA-N,72564,temozolomide
16341243|19706758|24622468|24166148|23674493|11504908|24422672|25878190,636|159|103|311|107|618|279|336|1520|436|214,Q7699074,,CBPNZQVSJQDFBE-FUXHJELOSA-N,79699,temsirolimus
18394554,64,Q7670147,,JOOXLOJCABQBSG-UHFFFAOYSA-N,91408,tg101348
22802530,306,Q27088979,,CPRAGQJXBLMUEL-UHFFFAOYSA-N,91428,tgx 221
26883990,486,,,,,tim-3 inhibitor
25193870,1288,Q3530324,,UJLAWZDWDVHWOW-YPMHNXCESA-N,71200,tofacitinib
19648970,384,Q419953,,UCFGDBYHRUNTLO-QHCPKHFHSA-N,63632,topotecan
28102363,218,,,,,"tozasertib(mk-0457,vx-680)"
25399551|27577079|25952648|22805292|24576830|23431193|22169769|26644315|27876675|27283860|16424035|25265492|22805291|28178529|29431699|26314551|25542057|28891408|20141835|22663011|25855885|26392102|22798288|25504439|27922010|24915778|24685132|25673644|24933606|24982505|23020132|24899684|25899310|24345920|27048246|24569458|25722381|29127119|23515407|26072686|24583796,2235|653|287|1879|1270|481|96|585|95|506|907|2390|587|621|208|617|1877|288|2391|1878|694|580|398|77|1880|12|2414|10|584|427|311|563|582|618|286|399|336|583|505|657|1876|17,Q7833138,,LIRYPHYGHXZJBZ-UHFFFAOYSA-N,75998,trametinib
28480077|25435907|28078132,12,,,,,trametinib dmso
25537159|19874578|25693012|29320312|20453058|11248153|14679114|26598547|24387334|16091755|20728210|16404430|24989892|19671852|22257673|22294718|17936563|17575221|16236737|22149875|25692060|20813970|20124187|22374460|19840887|23826550|14967075|19289619|19010894|27626067|15324695|26243863|25601188|27900589|18829560|15581051|25153719|18555254|25300346|20504363|25370464|22493419|22842582|23204226|17202311|21594665|15911866|27697991|26255196|27108243,313|306|365|883|885|1310|1308|457|497|214|1314|45|103|107|886|278|44|364|496|884|578|1313|39|413|666|311|881|875|104,Q412616,,,,trastuzumab
23020162|23382472|27900589|24793816|21172893|25789838|24898067,414|306|44,Q3997863,,,,trastuzumab emtansine
22038994,183,,,,,trichostatin a (tsa)
18794803,611|993,,,,,u0126
23585477,1299,,,,,unc1062
27135738,2109,Q27089090,,DPJNKUOXBZSZAI-UHFFFAOYSA-N,,unc1999
28215740,1256,,,,,uo126
22038994|24797300,86|183,Q240642,,NIJJYAXOARWZEE-UHFFFAOYSA-N,39867,valproic acid
23584301|26686064|27803005|27825616|25982012|27496134,295|273|1687|635|597|1689,Q7914515,,UHTHHESEBZOYNR-UHFFFAOYSA-N,49960,vandetanib
25593184,648,Q27089128,,DUIHHZKTCSNTGM-UHFFFAOYSA-N,124916,ve-821
28103578,436|159|160,Q23808471,“Anti vascular endothelial growth factor therapy”,,65207,vegf inhibition
29223478|29338080,186|185,,,,,veliparib
24201813|27273450|26582644|23677116|25524477|23288408|22281684|26200454|27325282|22356324|23171796|22241959|28178529|26687137|24335681|24265155|22798288|26490654|24463458|27460442|21274720|24112705|22194965|20630094|20149136|27520988|27500726|25815361|29320312|23802768|27116997|26989536|23278307|25706985|24987354|19880792|26460303|24670642|23300174|25056119|26070258|26776917|26286452|25524464|23406047|27480103|24508103|23715574|22448344|24888229|24345920|22492957|24821190|27729313|22180495|18287029|22038996|23890088|21107320|23948972|20068183|21185263|25855536|25209580|26287849|25353071|20818844|23489023|22205714|26352686|21107323|20551065|25589621|24725538|25265970|22621641|24504448|24576830|21383288|22395615|24265152|26557775|16424035|18458053|26456083|26996308|26579623|23733758|24616537|26359985|27532222|25265494|25515853|23237741|23569304|25092772|24108467|27048246|24997557|22256804|21639808,2224|1653|169|1663|883|1393|2363|2364|208|1489|214|94|992|1650|12|627|1391|584|672|1658|563|212|1876|2361|2225|1652|270|826|587|621|1680|288|2227|854|2222|592|1049|1398|2229|582|286|336|1400|654|79|1387|2360|422|1120|1879|96|11|1259|1628|824|95|2221|907|896|1186|825|107|2226|367|1627|104|2362|17|1392|287|913|2223|2228|1121|4|274|1106|991|1301|78|1227|427|658|83|530|2366|604|583|1626|285,Q423111,,GPXBXXGIAQBQNI-UHFFFAOYSA-N,63637,vemurafenib
28473407,222,,,,,venetoclax
25739674,869,Q782318,,NJLRKAMQPVVOIU-IXZGEAKMSA-N,60775,verteporfin
23904111,648,Q408977,,OGWKCGZFUXNPDA-CFWMRBGOSA-N,28445,vincristine
24647522|23038758|26671993|22190288|19157633,1257|397|349|249,Q420532,,IXFJHGMADBUPEO-KMYMPCDISA-N,480999,vinorelbine
29320312|21123452|26822128|26546616|19726788|19726763|25759019|24651015|26169613|25199678|25759020|25306392,1584|1587|837|1564|1586|300|1591|1563|1562|1570|1585|1589|1592|1576|1590|1593|301|1560|1588|299|302|1583|1561,Q2070286,,BPQMGSKTAYIVFO-UHFFFAOYSA-N,66903,vismodegib
22038994|25970771|27499916,625|183,Q905901,,WAEXFXRVDQXREF-UHFFFAOYSA-N,45716,vorinostat (saha)
23288408,587,,,,,vtx-11e
17625570,5,,,,,whi-p154
22262166,387,,,,,wye354
22961667,321,,,,,wz4002
23204226,306,Q27088392,,MQMKRQLTIWPEDM-UHFFFAOYSA-N,71957,xl147 (pilaralisib)
20504363,875,,,,,zoledronic acid
